Distance, Trained X, Trained Y, Trained angle, Trained Response, Querry X, Querry Y, Querry angle, Querry Response, Ground Truth
211.558502,29.535667,205.579849,89.452271,0.049294,2.743102,205.384201,86.476227,0.049370,112.000000
188.398514,30.803164,201.971863,259.010925,0.053972,3.225522,201.974350,255.855804,0.049839,112.000000
222.252106,22.159170,95.771278,116.347534,0.015372,3.376140,95.650826,118.160370,0.015469,76.000000
202.385773,20.415470,11.336987,24.148529,0.022716,3.383937,11.089059,27.519806,0.022679,70.000000
272.486694,22.901056,100.280647,187.733124,0.032794,4.084880,100.207733,172.904190,0.031990,76.000000
144.454147,21.471359,6.249573,5.415497,0.026565,4.308634,6.199381,6.526154,0.027188,69.000000
141.258621,23.536148,19.337347,142.903015,0.018250,6.014303,19.183033,141.854340,0.018777,71.000000
41.557190,25.934557,111.672554,278.449524,0.022785,6.837839,111.592361,278.547119,0.022851,77.000000
269.849945,37.244144,197.288620,259.573151,0.038879,9.077209,197.191711,259.509766,0.039990,113.000000
145.223969,37.196152,188.761230,64.146393,0.040728,9.336750,188.622665,65.107269,0.041803,112.000000
308.893188,29.700357,137.234467,250.501434,0.024380,10.151179,137.084091,249.054138,0.024108,79.000000
204.836517,36.385693,147.477890,167.707962,0.039932,10.351259,147.302826,163.752533,0.040317,98.000000
280.444305,28.853285,48.715542,149.540314,0.015441,10.774792,48.667473,165.117554,0.015389,73.000000
227.209152,37.470982,141.424774,88.691742,0.021523,10.886146,141.187134,87.629608,0.029331,80.000000
217.554596,55.310047,295.612610,107.250839,0.021332,11.012506,295.666046,105.443893,0.021031,178.000000
42.343830,29.697056,32.046360,91.495667,0.018982,11.854582,31.983850,90.690033,0.018987,72.000000
50.467812,33.304634,91.816551,155.318024,0.014811,14.295949,91.696083,158.119324,0.015163,76.000000
296.770966,34.435883,125.186707,91.263092,0.021732,14.869865,125.049629,91.136963,0.021652,79.000000
102.318130,44.172127,146.326813,184.918335,0.041214,16.969040,146.423172,185.270691,0.044679,110.000000
60.605282,45.189468,150.244690,205.216812,0.072187,17.659674,150.141296,205.472031,0.070203,111.000000
235.885559,46.381977,201.179794,268.371765,0.014593,18.178900,201.106598,267.014343,0.015492,114.000000
102.489021,37.449745,18.815233,7.247498,0.026243,19.725962,18.410067,7.899292,0.026769,72.000000
133.127762,39.225948,30.226559,236.702301,0.021925,20.731331,30.275940,241.180054,0.021187,73.000000
103.402130,69.353714,323.181305,23.625031,0.024463,21.948336,323.027832,27.562927,0.025027,190.000000
19.672316,40.244904,39.194889,112.537674,0.022267,22.081261,39.160782,112.460846,0.022644,73.000000
148.906006,42.026302,49.428314,112.052490,0.014754,23.837608,49.212456,112.740906,0.014848,74.000000
61.441029,44.743950,68.853119,269.773376,0.026947,25.954773,68.776833,268.868286,0.026795,76.000000
36.469166,48.575195,48.870625,110.031372,0.015014,29.635519,48.789425,110.291626,0.015053,75.000000
58.685604,52.592712,42.516510,107.491241,0.028047,33.937485,42.465672,108.146057,0.028208,75.000000
222.123840,84.546036,313.003174,60.549255,0.019774,35.339745,313.050171,62.860046,0.018946,199.000000
27.802877,55.807323,72.626335,270.857391,0.017484,36.764538,72.563240,271.354675,0.017567,77.000000
84.539932,60.616623,91.552841,304.455231,0.019797,40.807396,91.372643,304.400879,0.019922,79.000000
73.647812,59.632103,60.032776,104.866974,0.017927,40.841446,59.964329,105.076813,0.018007,77.000000
39.076847,61.015099,84.125946,33.266907,0.017131,41.748703,83.985077,32.746826,0.017265,78.000000
79.107521,93.903938,353.837158,116.457214,0.019025,42.987228,353.688293,116.615326,0.019497,205.000000
32.434551,62.498192,48.531738,108.720413,0.026394,43.519005,48.444862,108.948700,0.026689,76.000000
29.563492,63.012585,26.864964,99.595673,0.027800,44.507362,26.791767,99.476898,0.028202,75.000000
45.332108,66.650970,109.036041,25.140930,0.013485,46.635574,108.930153,27.863037,0.013444,81.000000
252.889297,68.095245,111.793747,283.328217,0.017994,48.114738,111.613991,283.789001,0.017208,81.000000
125.491035,68.605324,117.364059,279.002991,0.024207,48.470860,117.303307,279.510529,0.023575,81.000000
111.897278,70.665985,118.043167,279.003326,0.024107,50.403408,118.015282,279.470306,0.024094,82.000000
262.718475,70.788712,113.896408,199.657730,0.019045,50.593403,113.856323,184.308548,0.019523,81.000000
19.748417,70.733932,29.629833,88.407318,0.024363,52.079945,29.543976,88.576416,0.024409,76.000000
39.458839,78.355179,104.140961,229.564407,0.029992,58.216885,104.026146,229.562820,0.030056,81.000000
58.395206,81.234489,121.931694,34.348694,0.033198,60.675686,121.858101,33.992950,0.032452,83.000000
19.874607,112.003311,323.663239,145.101440,0.017663,61.021015,323.579803,145.464401,0.017331,204.000000
122.229294,80.659210,62.581528,96.060944,0.017804,61.137474,62.488926,97.237305,0.017761,79.000000
92.730797,113.160370,277.923096,196.004150,0.017133,62.239452,277.845917,195.585205,0.017565,204.000000
88.932556,84.447548,84.394104,41.566528,0.013553,64.571358,84.501663,43.164001,0.013469,81.000000
45.431267,116.394814,328.389343,319.108490,0.021614,65.506134,328.351776,317.942169,0.022638,205.000000
28.687977,90.500923,73.506264,277.473969,0.023871,70.611458,73.459358,278.750092,0.024361,81.000000
65.176682,123.507156,264.803925,345.002930,0.029327,72.469856,264.747131,343.098114,0.029385,205.000000
24.535688,123.512474,351.540070,162.797089,0.019648,72.533020,351.532654,162.760376,0.019740,204.000000
75.073296,124.026268,342.390717,210.426193,0.015639,73.100075,342.185272,209.966949,0.015976,204.000000
216.589478,102.524712,154.692841,189.251129,0.033527,74.424843,154.422531,190.449661,0.032743,100.000000
270.011108,107.426346,208.419891,218.662445,0.022055,74.645370,208.280167,217.931503,0.025602,117.000000
20.904545,125.709122,345.152740,210.456650,0.021411,74.728249,345.051025,210.949402,0.021140,204.000000
18.788294,126.209244,300.433167,0.505249,0.016610,75.225624,300.357941,0.957458,0.016448,205.000000
20.880613,126.410271,263.141785,335.493408,0.017617,75.310852,263.060608,335.814117,0.017812,205.000000
27.037012,127.733002,354.876526,272.869629,0.042719,76.733650,354.823792,274.068024,0.043436,204.000000
255.648193,106.270111,198.341049,47.354095,0.034662,77.379845,198.231430,41.933441,0.034963,116.000000
71.826180,130.420425,316.086792,34.974487,0.020257,79.487610,316.137421,37.179840,0.019680,204.000000
174.822769,108.241760,140.817902,204.498871,0.036981,80.311882,140.695297,202.530029,0.032199,113.000000
135.631851,101.227577,51.652809,87.169556,0.024778,81.401085,51.572750,88.718628,0.024602,80.000000
29.189039,133.289093,303.399933,262.088318,0.017899,82.538544,303.347168,262.924561,0.017347,204.000000
62.793312,106.195534,63.315704,181.861282,0.025473,83.990829,63.472206,181.649200,0.027271,81.000000
78.230431,104.335052,12.909008,47.727722,0.024654,85.158180,12.812598,47.120087,0.024772,77.000000
31.921780,107.966133,22.016695,250.742340,0.015392,88.606422,21.832119,251.060043,0.016064,78.000000
147.661774,112.824364,57.302158,186.331879,0.029232,90.787292,57.172123,190.070786,0.032417,81.000000
52.373657,114.135139,16.120388,200.037155,0.015200,94.894348,16.023771,200.084106,0.015614,78.000000
36.646965,146.617218,344.058411,35.929840,0.032077,96.581009,344.032104,37.707642,0.031512,201.000000
181.802094,121.033005,42.697102,335.162079,0.028969,97.877678,42.643902,337.797760,0.033288,93.000000
50.734604,149.890335,348.348633,248.771164,0.019056,99.720879,348.447021,251.034500,0.018966,200.000000
312.918518,124.828461,120.652428,41.978210,0.018344,100.791046,120.520073,44.205444,0.018521,96.000000
41.182522,151.199371,323.108063,195.852371,0.029849,101.627022,322.873108,196.369400,0.029579,199.000000
48.259712,122.387451,20.207483,22.591309,0.019026,102.649986,20.129574,22.693909,0.019546,79.000000
249.885971,139.040726,153.798569,210.125031,0.029810,106.155861,154.024017,207.318253,0.032510,99.000000
49.376106,126.686272,26.209755,31.788177,0.013953,106.808876,25.954964,31.791229,0.014338,80.000000
156.256195,131.107178,108.685158,100.258667,0.015358,107.436043,108.673546,99.916840,0.015236,95.000000
200.977615,132.485275,133.180984,234.702133,0.016745,108.533615,132.981201,235.500427,0.016398,96.000000
56.107040,129.544205,5.776043,73.010498,0.021050,109.796387,5.618775,71.288574,0.021765,79.000000
116.957260,134.591370,96.935890,349.887024,0.018798,111.380592,96.527222,350.083740,0.018960,93.000000
86.011627,131.530914,36.943081,320.816650,0.016403,111.465485,36.498066,326.325439,0.015271,81.000000
86.631401,162.222855,347.166229,231.426880,0.014090,113.538750,347.055939,233.162903,0.014221,195.000000
104.713898,161.062393,266.897186,189.705292,0.047979,115.148720,266.717560,187.476776,0.048880,184.000000
173.447403,138.811401,111.362144,123.826981,0.039420,115.341789,110.964645,117.327820,0.037466,81.000000
137.677155,138.089432,77.447922,128.189529,0.034758,117.076958,77.384521,128.965302,0.035041,84.000000
117.715759,164.872025,320.353302,257.868042,0.020043,117.683113,320.202972,260.973663,0.019728,183.000000
107.051392,139.582550,65.836380,260.505524,0.020210,118.372704,66.034698,260.572754,0.021049,84.000000
167.206467,165.901718,302.585114,107.311783,0.022468,120.740463,302.425476,102.079285,0.022741,184.000000
104.331200,142.488113,69.967354,258.348022,0.029712,121.324211,69.921074,258.077209,0.030290,85.000000
51.749397,146.157135,108.601654,273.718048,0.029015,124.391701,108.621246,274.894714,0.029476,87.000000
37.309517,170.758621,292.309692,163.871384,0.016973,124.810036,292.230865,162.658859,0.016743,184.000000
202.220184,148.299850,115.898445,121.636169,0.036634,126.409920,115.837273,119.010376,0.037635,88.000000
58.232292,148.865250,93.758835,183.097717,0.016286,127.323799,93.683464,184.208557,0.016234,86.000000
67.364677,173.685135,313.170288,215.938019,0.018028,127.862724,313.086975,217.884354,0.018118,183.000000
193.220078,150.714874,123.277962,103.986664,0.034590,128.650528,123.242111,104.881409,0.035363,89.000000
46.690472,150.050919,39.169380,239.858475,0.023451,129.447937,39.134636,241.048355,0.023224,83.000000
47.518417,153.117325,30.919600,241.260269,0.015574,132.594070,30.895004,239.546356,0.015701,83.000000
45.088802,179.000290,311.141235,204.459152,0.022075,133.288300,311.062225,204.442627,0.021681,183.000000
25.729361,155.976318,113.670273,290.959808,0.024304,134.003510,113.606018,292.562561,0.024900,89.000000
42.696606,155.645966,90.597015,34.339844,0.022546,134.014877,90.556923,32.777863,0.022777,87.000000
22.693611,156.614639,73.948799,97.213776,0.014849,135.213898,73.758324,97.548584,0.015516,86.000000
24.474476,156.472656,23.239676,274.262909,0.027824,135.965927,23.173227,274.599548,0.028501,82.000000
74.390862,157.208130,62.375820,242.384430,0.023902,136.275085,62.234867,242.660767,0.024252,85.000000
45.453274,158.622208,10.629269,232.627274,0.015042,138.157471,10.610671,230.574539,0.014922,82.000000
104.038452,185.450226,313.578125,259.819855,0.016182,140.164185,313.288849,256.720612,0.016152,182.000000
23.108440,163.042496,76.061371,254.958557,0.022395,141.443558,76.032532,254.911987,0.023428,87.000000
53.823788,165.223297,20.570736,101.662354,0.019283,144.624329,20.524170,101.630157,0.019481,83.000000
51.691391,192.123444,319.760345,21.155457,0.027857,146.150742,320.039795,20.988342,0.027671,181.000000
124.795830,168.748352,96.521980,206.143326,0.040506,146.774277,96.409943,201.660461,0.040983,88.000000
36.523964,168.084488,28.655247,242.351227,0.014255,147.115784,28.604292,242.816620,0.013363,84.000000
75.259552,193.333496,297.241882,73.090546,0.022525,148.250336,296.841644,72.049011,0.022531,182.000000
164.824142,193.581985,311.810822,261.493042,0.015897,148.497147,311.790375,255.111618,0.015879,181.000000
35.860844,170.241364,56.970291,248.436859,0.018281,148.770523,56.950428,248.202423,0.018974,86.000000
178.703659,179.908920,150.583710,187.523438,0.015107,149.246796,150.478409,185.151306,0.016030,123.000000
45.055523,171.565887,45.707741,64.986206,0.021876,150.555466,45.640663,65.236023,0.022334,85.000000
71.182861,174.450607,30.867783,276.978027,0.022322,153.704620,30.788176,278.814697,0.023296,85.000000
50.665569,176.278488,60.392288,53.777649,0.029145,154.686188,60.346214,52.647736,0.029505,87.000000
22.022715,175.897598,30.792904,59.618286,0.022251,155.036560,30.693058,59.438751,0.023244,85.000000
235.571640,177.783508,103.611145,139.558563,0.025778,155.958664,103.802574,153.206665,0.025268,90.000000
262.509033,186.987457,126.149208,161.019363,0.022060,156.249557,126.004578,168.501068,0.024658,124.000000
35.440090,179.225708,46.231930,192.956787,0.019686,157.890244,46.218327,194.141312,0.019960,86.000000
35.199432,179.292114,30.540075,285.304016,0.028511,158.103836,30.463779,286.621399,0.028955,85.000000
68.811333,180.244263,97.958824,190.722504,0.026526,158.236740,97.961037,189.856049,0.029420,88.000000
74.377419,180.041580,73.281342,183.036346,0.045409,158.285416,73.225243,185.123535,0.047014,88.000000
110.335854,189.117584,147.894669,253.579865,0.040784,158.324890,147.782928,255.565750,0.044463,123.000000
169.023666,189.443161,150.478561,349.785583,0.040510,158.826157,150.430054,347.617462,0.041534,123.000000
26.457514,181.062851,92.289139,7.147827,0.030191,159.053909,92.318489,7.422211,0.032117,88.000000
23.727621,180.556351,27.691397,143.376953,0.032140,159.346191,27.561195,144.340485,0.032612,85.000000
27.946377,181.100967,34.976307,178.406250,0.021928,159.898453,34.961044,178.983170,0.022392,85.000000
58.360947,180.977570,24.102461,138.932053,0.033491,160.001373,24.073936,142.089874,0.033219,85.000000
281.827972,201.941895,224.083282,358.308716,0.014487,161.357941,224.067932,359.579529,0.015454,163.000000
77.194557,184.430161,79.940987,3.949127,0.026534,162.681992,79.906395,2.772675,0.026910,87.000000
53.056572,184.473389,19.035814,199.295410,0.034552,163.481293,18.967010,202.613800,0.035183,85.000000
42.696606,185.084366,49.240204,194.056931,0.032836,163.750427,49.121914,194.038849,0.033746,86.000000
63.505905,186.211914,68.712585,2.264252,0.019320,164.732712,68.775566,3.321838,0.019760,87.000000
20.904545,187.557724,64.744698,9.964569,0.025255,166.105057,64.714600,10.196960,0.025554,86.000000
143.192184,187.788330,78.791565,45.903748,0.030933,166.142838,78.757156,37.983276,0.032092,87.000000
51.400391,188.167877,52.135719,13.915771,0.017684,166.957764,52.072338,14.074982,0.017984,86.000000
52.459507,188.182312,24.417469,187.693939,0.035805,167.158875,24.337265,188.214142,0.036407,84.000000
27.856777,188.892532,74.120300,100.341736,0.019854,167.690033,74.118858,100.447083,0.020106,86.000000
132.049240,189.779465,100.481354,119.426956,0.025065,168.021957,100.400436,117.684311,0.025831,87.000000
32.526913,189.047989,8.457429,354.714661,0.034210,168.284317,8.398710,356.016602,0.034967,84.000000
62.753487,190.147202,96.943298,296.147522,0.028269,168.442307,96.888458,294.444702,0.029520,87.000000
40.730824,189.890137,55.345860,9.864807,0.016572,168.521469,55.369064,10.958557,0.017283,86.000000
87.384209,191.080551,85.629295,120.377045,0.025540,169.355072,85.468636,120.799652,0.026385,86.000000
19.849434,191.435440,32.108547,22.693146,0.021969,170.373993,32.066223,22.734070,0.022682,85.000000
20.856653,192.860245,41.963341,5.825531,0.021899,171.693771,41.949657,5.759003,0.022708,85.000000
75.630684,192.622116,12.030689,11.758179,0.025288,171.827408,12.009020,14.073242,0.025629,84.000000
113.353432,193.496658,98.832138,118.293213,0.027633,171.834152,98.761604,117.928131,0.029271,87.000000
293.525116,205.125900,211.945206,340.045135,0.027901,175.898743,211.782318,342.988739,0.031169,112.000000
274.814484,224.474579,288.177460,16.131226,0.017697,176.921402,288.342865,32.479309,0.020335,193.000000
35.185223,198.211029,56.523132,142.186249,0.017238,177.098206,56.336857,141.315277,0.017249,85.000000
54.037025,198.635468,13.276103,346.367340,0.014413,177.866470,13.158198,346.157410,0.014793,83.000000
188.968246,206.480484,166.420120,289.301880,0.028977,178.307632,166.361832,283.503296,0.027479,114.000000
198.743561,200.797714,96.121872,110.676727,0.026596,178.895645,95.769920,110.451843,0.025815,86.000000
33.734257,207.520187,178.121323,352.821106,0.029009,179.063705,178.052811,351.942505,0.029010,114.000000
105.052368,207.937592,184.085159,344.353363,0.032606,179.444397,183.972427,338.878845,0.031788,115.000000
69.303680,209.904984,171.899826,281.097198,0.022611,181.374390,171.819550,281.569275,0.023235,114.000000
78.816238,209.795700,186.205399,88.419861,0.026782,181.689453,186.158295,88.675964,0.026732,115.000000
165.423691,208.362900,121.910919,125.283630,0.022639,182.943161,121.914375,130.207062,0.022337,102.000000
54.534393,213.599075,201.209641,265.757629,0.022536,184.740616,201.152100,265.200134,0.022077,116.000000
64.443771,214.252609,186.412338,86.193024,0.024533,185.554977,186.356903,86.791016,0.024516,114.000000
104.938080,214.528610,192.307083,79.587769,0.023892,185.564209,192.186157,80.115753,0.023594,115.000000
95.864487,215.671127,216.377701,287.595093,0.015185,186.183517,216.201645,288.453522,0.014883,118.000000
67.631355,212.036514,126.434433,151.326263,0.030964,186.366821,126.287842,154.363693,0.031694,103.000000
46.604721,236.239944,306.611053,201.741943,0.024756,187.213058,306.470154,202.607239,0.026417,196.000000
128.771118,218.044403,228.972321,70.475586,0.022335,187.334335,229.089951,68.349487,0.025244,121.000000
40.841156,214.010208,116.916168,210.648102,0.040412,188.384003,116.889046,210.039764,0.040280,103.000000
36.249138,214.572418,143.183655,199.400055,0.048710,188.670731,143.134476,199.696945,0.049149,104.000000
101.094017,214.211548,105.785492,259.840546,0.030004,189.094223,105.861122,260.445618,0.029451,102.000000
37.589893,219.218750,210.083450,264.114227,0.023553,189.905487,210.068558,265.614655,0.023217,117.000000
62.457985,215.624039,94.001335,100.102295,0.017509,190.448425,94.003593,100.701721,0.017193,102.000000
148.270020,216.991653,140.882919,189.155869,0.048137,191.205170,140.669739,188.993515,0.048781,104.000000
104.966660,220.048340,85.662895,291.254059,0.032073,194.510544,85.605423,292.336151,0.032496,102.000000
49.909920,222.746262,129.989975,131.360947,0.042888,196.922836,129.944321,131.705170,0.043429,104.000000
39.962482,224.648972,117.151428,231.780640,0.019165,198.880890,117.005783,231.992676,0.019579,104.000000
142.014084,224.892883,71.165131,9.615479,0.031759,199.459564,71.037300,15.301514,0.032665,102.000000
43.760712,226.153809,144.319839,72.996399,0.033317,200.248489,144.172012,71.598755,0.034673,104.000000
39.127995,227.480881,96.055634,107.278580,0.020590,201.960800,96.043999,106.981125,0.020684,103.000000
90.443352,228.132324,118.306519,233.476776,0.018867,202.506683,118.017914,236.748993,0.019082,104.000000
128.128845,225.038681,18.450092,109.182114,0.030184,205.062988,18.411125,106.895416,0.031562,81.000000
83.468559,234.372162,178.684631,261.586548,0.017184,205.398514,178.384613,261.122192,0.015966,114.000000
172.947968,231.554535,52.141262,27.240845,0.020965,205.851471,52.456459,23.231018,0.019038,102.000000
38.236107,231.861786,143.926163,121.351746,0.057456,205.861923,143.848068,122.340820,0.057706,104.000000
34.102787,231.859283,124.321373,81.616577,0.035665,205.991226,124.199768,82.805115,0.036229,104.000000
45.409248,232.383865,88.303391,102.771637,0.032426,206.694489,88.284111,104.301392,0.032892,103.000000
198.106033,233.120270,120.691360,288.140411,0.032134,207.234375,120.595161,270.295746,0.033028,104.000000
167.901764,240.606842,214.532333,185.144363,0.013545,209.030594,214.580582,188.439941,0.017031,127.000000
119.121788,233.623657,62.119873,160.300201,0.037946,209.265915,61.720219,158.626862,0.037793,103.000000
82.036575,237.868500,158.204193,98.894897,0.018895,210.155838,158.152603,95.486481,0.019252,111.000000
217.105972,241.989105,217.482605,187.628876,0.014816,210.399307,217.458649,188.878159,0.017679,128.000000
203.000000,236.713806,41.024860,171.358093,0.036709,211.256134,40.926037,174.393433,0.033281,102.000000
109.859001,242.857635,197.728271,191.221786,0.066507,211.688034,197.904343,191.601898,0.072303,123.000000
61.073727,241.212692,166.570892,198.763336,0.034216,213.097351,166.600296,199.439819,0.036024,113.000000
256.167908,238.922958,93.081459,275.152588,0.030466,213.132523,93.028305,260.123413,0.031095,103.000000
58.223705,240.795212,153.675690,93.072845,0.047251,213.146896,153.645691,92.520813,0.046376,111.000000
82.546959,241.192963,137.957275,52.992950,0.021086,215.380661,137.886719,52.266357,0.020154,104.000000
68.110207,249.378937,212.589828,25.392090,0.014255,216.861984,212.575684,24.167297,0.014389,130.000000
31.416555,243.059158,116.076042,148.268524,0.028502,217.419754,116.064316,148.658920,0.029531,103.000000
91.766006,243.334442,88.196251,70.731201,0.032965,217.824310,88.167526,71.764191,0.034015,103.000000
198.516998,243.360626,71.817551,158.805557,0.019484,217.940170,71.787125,151.314468,0.019359,102.000000
123.207146,246.433136,157.034027,50.069183,0.023758,218.558945,156.975723,47.847778,0.024595,111.000000
53.712196,251.641571,194.186737,201.417816,0.015926,219.713181,194.205643,201.930908,0.016732,128.000000
118.945366,253.113403,213.593460,226.971390,0.018268,220.300232,213.515839,224.702011,0.018441,132.000000
302.001648,251.675568,178.790207,180.789368,0.020582,220.477341,178.684296,199.030746,0.021410,125.000000
242.061981,253.833115,221.154663,181.692596,0.018959,220.546738,220.923401,183.647293,0.019309,133.000000
115.931015,246.141815,107.970100,99.289368,0.032098,221.250885,107.884598,98.605072,0.032720,103.000000
97.488464,247.153809,138.167740,220.832672,0.028799,221.419632,138.222015,220.335739,0.030648,103.000000
299.694855,247.050522,73.600143,166.642700,0.037428,221.857437,73.172462,159.415009,0.035417,101.000000
230.640411,246.628555,47.426464,161.452621,0.037792,223.598587,47.683475,154.464432,0.037451,80.000000
130.103806,251.923416,150.604172,266.540283,0.041560,223.981155,150.605942,269.079376,0.041399,111.000000
102.718063,256.490479,187.080322,203.801453,0.016613,224.542679,187.006104,201.960327,0.017508,128.000000
132.117371,250.170074,98.746796,332.103088,0.038950,225.040634,98.807312,331.193237,0.040425,101.000000
168.050583,255.964737,160.433456,208.953995,0.019511,225.530289,160.178818,205.481186,0.019230,122.000000
284.390564,251.439972,139.504150,241.945038,0.024646,225.839020,139.347656,255.113190,0.023178,103.000000
120.867699,252.007217,101.423820,332.219116,0.044457,226.804337,101.302002,330.069000,0.044954,101.000000
162.517685,252.571808,126.083290,113.444443,0.024590,227.614105,125.963272,114.414383,0.024750,102.000000
191.650726,254.017517,98.776657,332.433136,0.039048,228.939682,98.307884,329.366608,0.040399,100.000000
48.548943,260.352112,172.694473,53.079071,0.014369,228.947174,172.706848,54.004181,0.015097,125.000000
259.730621,255.096939,106.201080,161.928619,0.033092,230.283127,106.364883,159.185577,0.033510,100.000000
152.718689,253.770340,74.920113,188.204269,0.019550,230.522171,74.521385,193.365936,0.022269,80.000000
96.566040,250.987579,19.854334,226.349197,0.030304,231.600235,19.847382,225.466324,0.031637,78.000000
89.560036,262.878815,156.270355,213.606903,0.014038,232.192001,156.196365,214.785538,0.015143,123.000000
81.430954,264.433685,178.362640,60.127838,0.019078,232.668564,178.330521,57.535278,0.020097,127.000000
109.986366,281.501953,348.319946,209.732483,0.017726,233.859314,347.828766,215.600098,0.018132,190.000000
326.935760,268.356079,220.290588,238.462387,0.013717,234.417282,220.227234,59.335449,0.013837,136.000000
170.428864,254.710907,38.030098,299.649872,0.017354,234.935242,37.887070,300.803467,0.018557,78.000000
56.142673,255.241547,15.068287,315.259766,0.025546,236.009857,15.056345,314.220093,0.026406,78.000000
121.560684,269.182983,181.285645,177.588943,0.025277,237.087799,181.062988,181.586929,0.025981,129.000000
43.208794,271.413696,187.340179,140.979645,0.026626,238.866302,187.316833,140.937637,0.026996,130.000000
58.685604,272.729828,209.678360,60.234711,0.016929,239.167862,209.461227,59.145691,0.018462,135.000000
51.507282,258.890381,6.738783,204.278748,0.022923,239.753571,6.636409,207.007645,0.023697,77.000000
50.029991,259.302612,11.189569,216.105881,0.022340,240.201370,11.220443,215.229233,0.023607,77.000000
160.171783,271.091919,145.472580,221.109406,0.016725,240.414993,145.546753,221.567780,0.017157,123.000000
236.968353,278.404480,268.321075,292.476013,0.014162,241.021332,268.271576,293.377045,0.014558,150.000000
263.956421,262.588959,103.505974,14.027100,0.016851,241.707809,104.001534,11.918182,0.016539,84.000000
93.080612,261.166412,54.010635,6.150940,0.017838,241.723328,53.944611,7.954681,0.018980,79.000000
73.539108,279.830414,258.288422,48.465546,0.014878,243.079849,258.255768,47.782349,0.015744,147.000000
212.490005,263.501801,113.044579,221.289581,0.025854,243.097305,113.222977,221.200134,0.023291,84.000000
93.182617,278.983978,242.904495,213.677277,0.017710,243.188766,242.734833,217.570816,0.019030,143.000000
38.974350,278.850037,189.558838,100.338745,0.022294,245.925629,189.460983,100.803558,0.022104,132.000000
134.688522,266.697388,66.882835,7.648071,0.023761,246.062210,66.789330,1.915863,0.026184,84.000000
163.382980,277.912415,168.818695,192.483398,0.026777,246.162338,168.486786,196.411865,0.027841,130.000000
48.877399,283.078369,245.187698,316.172516,0.016117,247.110992,244.944168,318.084167,0.016486,144.000000
87.212387,278.629913,139.490723,227.826706,0.016028,247.447891,139.512756,227.004761,0.016960,123.000000
110.412865,270.532990,61.300163,214.408173,0.025728,249.712585,61.303501,214.336456,0.025494,84.000000
57.930992,282.922272,183.829041,89.073212,0.019284,249.750732,183.777588,89.101440,0.019675,132.000000
59.354866,281.881897,136.594070,263.364655,0.014805,250.990967,136.532135,262.467834,0.015073,123.000000
103.077644,273.061493,113.006477,318.310852,0.020416,252.179977,112.760216,318.080719,0.020907,0.000000
164.875717,291.308960,278.205475,101.238159,0.042930,252.819275,278.126495,102.253052,0.043450,152.000000
75.716576,291.993652,289.432281,293.270813,0.022558,252.821762,289.235352,294.718994,0.022211,157.000000
47.391983,292.530853,301.152954,266.268677,0.013484,253.084534,301.058899,268.580505,0.014231,158.000000
57.367237,286.704407,165.003159,15.554779,0.042034,253.939087,164.902954,15.005646,0.043352,130.000000
109.425774,292.658142,254.454300,125.979523,0.017270,255.642014,254.394562,123.267334,0.017212,148.000000
168.653488,276.139374,10.327994,3.382568,0.019726,255.853333,10.130239,356.913635,0.018938,83.000000
110.891838,296.759613,269.553375,259.481323,0.032743,257.910034,269.829895,260.035126,0.033795,154.000000
88.628441,292.211670,176.159653,254.135406,0.016060,258.986572,176.115219,253.487656,0.015731,133.000000
47.613022,298.837921,285.191071,90.708618,0.044596,259.454193,285.080261,90.965332,0.046632,157.000000
176.604080,291.783691,137.510788,272.389252,0.020827,260.631683,137.436508,272.382080,0.020810,125.000000
65.741920,294.998535,174.509628,241.102386,0.014320,261.846649,174.471405,241.524353,0.015153,133.000000
87.068939,299.401855,223.892105,9.617615,0.022648,263.526306,223.960617,10.313293,0.020084,143.000000
100.717430,303.245605,295.326996,245.817139,0.014751,263.577454,295.267456,242.503876,0.015362,158.000000
38.704006,297.286224,183.620071,51.695862,0.018058,264.045746,183.580109,51.628754,0.018351,133.000000
91.109825,297.743500,177.690536,49.092987,0.018004,264.457703,177.695877,49.368652,0.018000,133.000000
279.334930,297.090332,159.590363,302.490112,0.017021,264.583710,159.412155,289.247772,0.017753,131.000000
100.024994,302.951172,259.870087,64.279846,0.015701,265.154999,259.770569,61.841858,0.016365,151.000000
87.120605,296.467377,134.403870,270.316772,0.019673,265.324646,134.399902,271.300720,0.020859,125.000000
125.817329,310.602142,296.524414,166.742126,0.034775,265.421692,296.556641,167.726746,0.035255,159.000000
64.984612,297.422607,151.144836,309.939575,0.014568,265.834045,151.059738,312.397278,0.015355,127.000000
87.017242,298.946930,163.526199,145.348114,0.013888,266.140900,163.436249,148.201508,0.014023,131.000000
214.053726,285.484406,19.230436,280.319366,0.017679,266.818909,19.228048,280.891479,0.017296,75.000000
80.230919,303.534180,225.633087,8.830688,0.044073,267.523895,225.412735,9.608765,0.042188,145.000000
178.762405,288.980865,97.372734,220.427155,0.019284,267.582947,97.350426,220.880035,0.016319,84.000000
79.555016,304.003479,218.329849,10.015564,0.033958,268.296661,218.353989,11.125732,0.034422,144.000000
100.905899,306.277313,264.364441,58.985901,0.015956,268.446442,264.148895,56.333160,0.016370,153.000000
73.143692,315.727783,344.035339,92.250153,0.043351,268.944214,343.940063,92.014038,0.044199,188.000000
58.762234,316.000519,343.149628,97.174866,0.040949,269.184265,343.053467,97.237793,0.042389,188.000000
70.356239,316.206665,356.910065,216.237274,0.034944,269.406403,356.825897,219.618225,0.035059,188.000000
124.249748,290.526550,73.421486,323.802704,0.017430,269.446045,73.416985,324.710358,0.016565,84.000000
87.943161,302.241241,162.085831,290.704956,0.014925,269.610321,162.107788,291.415009,0.014477,131.000000
139.685364,307.670898,261.805908,260.035461,0.038843,270.035126,261.714752,260.971985,0.039963,152.000000
78.663841,305.686493,212.321899,12.093262,0.035148,270.211670,212.294022,13.095062,0.034805,142.000000
32.109188,317.295715,346.918030,89.367554,0.033896,270.604248,346.795288,89.346893,0.035180,188.000000
172.513763,311.425201,285.217651,84.580811,0.036575,271.620758,285.014587,80.150391,0.041038,158.000000
96.477974,302.084473,121.006660,64.698456,0.014094,271.752197,120.880745,66.171539,0.013579,122.000000
54.680893,307.784393,216.673386,210.456512,0.032116,272.000397,216.627426,212.370178,0.033188,143.000000
125.427269,311.966553,297.999756,320.015656,0.016743,272.383270,297.924377,326.309082,0.017689,159.000000
196.911148,290.903351,20.895737,256.311279,0.016491,272.784485,21.124916,258.573273,0.016688,0.000000
21.470911,319.966431,343.145721,86.181366,0.036810,272.991882,343.071228,86.110901,0.038616,188.000000
31.733263,319.888458,339.238892,96.939453,0.049954,273.116150,339.098450,96.889465,0.050575,188.000000
62.217361,294.102600,61.751774,325.371216,0.018515,273.442688,62.066505,326.630096,0.018560,85.000000
103.392456,305.693726,149.396423,169.172058,0.031757,273.770660,149.315826,176.611710,0.033012,128.000000
145.832092,304.851349,123.994370,71.278168,0.014266,273.982666,124.003838,70.209015,0.014702,123.000000
40.877869,320.787781,339.139709,87.875580,0.023372,274.186432,339.045959,88.332581,0.023853,188.000000
80.168571,308.202606,139.702957,288.246033,0.031467,276.402924,139.541031,291.978241,0.032882,127.000000
30.133038,323.331177,353.109467,92.046753,0.017892,276.414337,353.002502,92.039063,0.017998,188.000000
59.891567,312.557129,213.649399,10.102234,0.029672,276.889618,213.530457,10.783051,0.032916,143.000000
62.128899,311.954987,196.212891,222.416519,0.028474,277.394501,195.914322,226.963501,0.029827,139.000000
94.609726,313.947540,228.960175,174.302689,0.039275,277.535370,228.582733,179.317184,0.044376,147.000000
130.226730,314.263977,240.962601,245.654541,0.029091,277.557434,240.835144,247.672577,0.031739,149.000000
20.420578,324.492523,343.067047,85.528931,0.034163,277.591675,342.938263,85.318848,0.034828,187.000000
137.288025,313.180481,208.620987,358.982361,0.030848,277.861023,208.941681,0.660706,0.032270,142.000000
35.524639,324.996338,359.913818,105.431335,0.018508,278.045624,359.764557,105.660995,0.018438,187.000000
25.748787,324.879425,339.229980,81.466095,0.054374,278.083893,339.122711,81.488892,0.056282,187.000000
171.341766,316.081573,223.355881,175.468597,0.015116,279.736633,223.076675,180.218491,0.022098,145.000000
24.698177,326.775726,347.011932,88.329559,0.028676,280.044800,346.883331,88.331604,0.029562,187.000000
126.936989,301.284790,99.828163,186.480377,0.025871,280.207916,99.990273,188.094849,0.026053,76.000000
85.287750,317.836731,245.708939,85.141052,0.044526,280.795776,245.622681,81.423584,0.045919,147.000000
95.953110,316.024597,197.241592,32.102478,0.029054,281.003418,197.317413,34.791809,0.031637,140.000000
80.093697,317.932404,228.338501,174.595795,0.023975,281.460693,228.133881,179.607162,0.027624,146.000000
31.764761,314.158844,134.473404,318.829468,0.027147,282.691132,134.457062,321.720856,0.027538,127.000000
55.045437,315.451019,149.553650,1.721222,0.041206,283.039734,149.502106,4.116669,0.041086,130.000000
39.127995,330.674408,339.056091,92.986786,0.044845,283.856384,338.951843,93.772400,0.046075,188.000000
172.580414,314.703827,120.154442,119.116287,0.013933,284.089630,120.133461,120.907745,0.013539,123.000000
29.580399,317.192261,145.474823,358.722778,0.031381,285.057404,145.241501,1.330017,0.033210,129.000000
19.924858,333.285034,339.576996,90.816986,0.041045,286.355011,339.447937,90.753326,0.041580,187.000000
67.089493,320.315338,174.700104,185.079987,0.020961,286.640411,174.740646,187.436371,0.022641,135.000000
33.793491,323.970001,243.342911,41.183777,0.030503,287.052612,243.315125,43.547333,0.032527,148.000000
195.542831,334.429230,350.051361,87.196716,0.015253,287.531769,349.894836,96.535919,0.015693,188.000000
43.266617,308.599884,49.793945,322.174530,0.039601,287.775360,50.051285,323.124878,0.040100,73.000000
111.233986,335.003052,359.810883,78.807190,0.019276,288.093781,359.692261,75.925446,0.019720,187.000000
75.159828,323.826569,209.221390,187.117188,0.014780,288.337677,209.344635,187.302643,0.016170,140.000000
200.546753,322.337738,133.946533,184.058411,0.019371,290.407959,133.977448,194.795212,0.020167,127.000000
70.554947,329.419586,269.624695,279.474030,0.031528,290.602112,269.586670,279.741608,0.032730,155.000000
32.264530,330.607880,283.170746,79.810760,0.042447,290.963562,283.113220,79.674500,0.043914,158.000000
41.821049,323.157959,138.534286,195.923782,0.021833,291.105042,138.443466,197.719131,0.022781,128.000000
17.378147,337.850433,342.518036,92.836273,0.050957,291.118683,342.419342,93.007935,0.052877,188.000000
84.876381,338.154602,338.583008,262.347229,0.046450,291.356995,338.464783,260.219910,0.048085,188.000000
43.485630,340.187439,346.929169,92.440247,0.033804,293.385376,346.812195,92.315582,0.034877,188.000000
26.248810,340.116730,353.622528,271.758606,0.021214,293.396240,353.523773,271.901093,0.021470,188.000000
81.559792,314.770660,89.594299,322.474792,0.013621,293.978516,89.840553,324.418823,0.013861,85.000000
66.151344,327.385437,178.893219,15.690125,0.029711,294.034943,178.881241,17.474731,0.032097,134.000000
85.632935,329.980499,220.085648,16.779236,0.021133,294.339966,219.993698,15.543518,0.022156,142.000000
45.464272,328.674377,188.534821,350.341736,0.040414,294.713654,188.478867,353.234467,0.041681,136.000000
65.878677,332.551117,256.729553,120.701874,0.024429,294.853424,256.642822,125.823044,0.024393,151.000000
58.043087,328.411346,172.455536,1.244629,0.019295,295.346436,172.361252,2.960266,0.020280,132.000000
41.988094,335.999878,279.458130,74.964081,0.034537,296.810577,279.407043,74.471375,0.035332,154.000000
74.370689,331.408112,191.004669,58.228699,0.021847,297.143066,191.047165,61.456116,0.022092,136.000000
17.860571,344.502319,353.716980,268.092407,0.021198,297.590088,353.589874,268.099243,0.021664,188.000000
45.332108,344.594452,346.612915,86.944153,0.034322,297.826141,346.504242,87.504639,0.035333,188.000000
38.131351,337.838776,281.694153,70.767212,0.035488,298.858459,281.510040,70.747314,0.036629,157.000000
32.908966,332.845001,181.286850,200.912735,0.014776,299.298157,181.264923,203.898514,0.015674,134.000000
113.600174,331.802368,137.999146,196.109314,0.020982,299.838928,138.015594,198.245605,0.022034,127.000000
143.178207,333.637604,185.599380,123.617554,0.015382,299.879730,185.524338,118.752167,0.015718,135.000000
113.481277,343.773804,311.652893,82.813782,0.042356,300.867828,312.133240,85.684174,0.042408,160.000000
40.274059,336.474640,209.042099,140.158218,0.025310,301.497314,209.066589,141.508667,0.026136,140.000000
46.636894,335.085022,174.593872,156.768921,0.021022,301.916504,174.460358,160.458710,0.021448,133.000000
298.333710,331.969391,115.568008,276.177979,0.014435,302.234589,115.786102,285.184235,0.013688,121.000000
113.190109,340.673340,264.620422,306.380035,0.029742,302.590607,264.588837,302.389801,0.029984,153.000000
16.763054,349.981659,335.141388,270.242126,0.030298,303.149323,335.009857,270.087494,0.030755,188.000000
71.596092,335.849548,161.524948,16.872314,0.026785,303.339050,161.467331,22.125916,0.027238,130.000000
89.044930,350.302612,336.468018,91.092773,0.031681,303.445435,336.492889,89.342010,0.032549,187.000000
33.689762,350.911316,357.086182,89.034332,0.039713,304.052307,356.979584,90.128571,0.041835,187.000000
44.687805,341.282410,241.934189,1.308746,0.024969,304.401978,241.884094,3.957703,0.026669,147.000000
24.738634,351.643005,349.663544,82.457611,0.021675,304.858429,349.572540,81.738159,0.022048,187.000000
142.284927,338.180054,168.414474,289.077209,0.015031,305.573273,168.793533,284.416321,0.014756,133.000000
87.704048,338.539642,155.176575,90.995850,0.015949,306.383484,155.136978,95.492523,0.016190,129.000000
110.575768,326.605530,67.265335,227.900360,0.020543,306.570099,66.983345,225.576965,0.019735,84.000000
50.724747,344.458252,244.225510,31.968567,0.013699,307.498993,244.165833,33.918335,0.014550,148.000000
19.974985,355.009735,343.142181,89.989624,0.044227,308.011475,343.003174,89.755829,0.045739,187.000000
30.199337,354.901184,339.432861,276.762817,0.040951,308.061218,339.337280,277.629333,0.041882,187.000000
66.437943,339.951508,146.245255,89.692810,0.019039,308.118896,146.254044,88.817200,0.019639,128.000000
299.626434,326.726563,25.188971,146.296021,0.030872,308.549255,25.032717,155.337036,0.024351,0.000000
46.021732,342.534668,187.957062,73.890900,0.022722,308.549438,187.925003,74.125916,0.024076,136.000000
98.620483,346.365173,259.132843,262.848450,0.015081,308.600922,259.110291,267.409088,0.016941,151.000000
191.086365,343.449829,201.756149,160.908234,0.013523,308.724213,201.791809,173.370438,0.014206,139.000000
175.054276,347.548767,286.123993,90.149200,0.019549,308.736115,285.804352,91.106903,0.019934,157.000000
57.835976,342.844360,133.139557,288.961334,0.019768,311.239441,133.131226,286.991913,0.021092,126.000000
51.913391,346.359589,178.785172,104.223953,0.020972,312.771210,178.700012,104.992523,0.022124,135.000000
62.833111,345.848083,153.067184,85.478027,0.014171,313.688721,152.998077,88.215057,0.015040,128.000000
40.187061,334.849640,51.056591,326.300964,0.021644,314.290253,51.320496,326.636597,0.021791,84.000000
56.648037,347.837311,154.732864,228.097275,0.015464,315.179688,154.817001,230.616821,0.016856,129.000000
31.701735,362.645355,353.609711,179.933334,0.038862,315.977905,353.367859,179.531021,0.039861,187.000000
257.124481,347.390106,128.166092,288.668030,0.017416,316.053711,128.145325,287.140045,0.018468,125.000000
30.740852,336.399292,26.791637,323.470825,0.029681,316.260620,27.090673,323.115997,0.032152,0.000000
96.265259,350.522095,152.896744,248.160736,0.015812,318.111725,152.899094,249.847549,0.017446,128.000000
41.785164,353.209717,188.925430,93.598175,0.019531,319.291656,188.925888,93.988312,0.020291,136.000000
33.391617,353.345184,182.998184,91.853363,0.018423,319.653534,182.918304,92.437225,0.018661,135.000000
48.948952,357.698669,249.524811,199.988937,0.023126,320.486755,249.429901,202.576889,0.023853,149.000000
74.141754,358.217926,257.060791,19.791260,0.021580,320.541077,256.941742,24.143799,0.022214,150.000000
98.025505,368.255371,327.078705,179.379410,0.052214,321.118439,327.047577,178.339996,0.051731,187.000000
48.207882,358.136383,240.685394,40.352936,0.016240,321.457336,240.596664,42.318237,0.018324,147.000000
34.583233,353.241119,133.455551,274.844330,0.013886,321.461182,133.416855,273.951416,0.014430,126.000000
54.203320,355.973907,186.104782,90.556458,0.015536,322.333435,186.091492,90.378784,0.016343,135.000000
73.403000,361.139343,262.258728,22.510620,0.017033,323.167175,261.940796,25.783112,0.017663,151.000000
73.464279,362.182465,250.898209,56.194214,0.021809,324.946625,250.846802,60.757843,0.022574,149.000000
161.052780,371.293335,331.153473,182.519257,0.037574,325.079437,331.579224,182.039719,0.036418,183.000000
58.463665,364.066193,245.398209,10.931885,0.016435,327.126495,245.410919,14.523346,0.018110,148.000000
123.377472,365.235443,268.159973,84.746124,0.020872,327.327972,268.091797,85.341370,0.022199,152.000000
49.315311,363.655304,221.010269,13.341858,0.015877,328.038788,221.007004,15.114441,0.016226,142.000000
89.666046,361.510162,182.302155,88.071198,0.016079,328.064270,182.205704,87.287872,0.016510,134.000000
71.196907,360.762451,154.783936,296.145172,0.018353,328.883331,154.719452,297.392944,0.019507,128.000000
100.722389,366.584106,247.526016,4.726135,0.018601,329.632446,247.455292,10.842285,0.019860,148.000000
41.448765,364.993317,169.154755,27.980072,0.027101,331.835144,169.098175,27.877686,0.027666,133.000000
84.451172,367.716705,226.712402,185.848724,0.026633,331.840973,226.592514,189.461670,0.027258,144.000000
51.884487,367.939484,221.637512,9.915314,0.029494,332.291840,221.632828,11.694519,0.030575,142.000000
101.769348,354.046875,105.973450,322.100098,0.033263,333.351440,105.933167,323.919220,0.036843,0.000000
59.304298,365.280151,147.053635,286.969727,0.013617,333.617004,147.050583,287.703339,0.014890,127.000000
59.076221,370.627655,237.148056,12.681274,0.025631,334.264801,237.150024,15.099426,0.026384,145.000000
65.582008,368.880371,201.130020,321.126434,0.018769,334.453491,201.114746,323.068726,0.019582,137.000000
37.229019,366.639435,139.199570,301.769043,0.025017,335.201935,139.189774,301.447266,0.026943,126.000000
54.277065,371.354614,230.408569,27.941559,0.022312,335.316437,230.476852,32.012299,0.023500,144.000000
181.584686,356.659393,45.435295,225.702469,0.016915,335.568298,45.835854,229.780212,0.018037,83.000000
39.179077,367.413452,143.718567,87.527832,0.015899,335.792206,143.694763,89.129120,0.017184,126.000000
72.083282,369.887268,174.992996,274.830353,0.021150,336.996033,174.772217,272.012024,0.022237,133.000000
120.552895,369.603943,160.119171,329.702728,0.014800,337.526367,160.048492,329.463409,0.017064,129.000000
143.614059,370.908203,177.197693,20.706665,0.013655,337.685455,177.308838,30.806213,0.014529,132.000000
92.487839,383.896362,313.310303,267.692200,0.014937,337.699982,313.375397,269.998718,0.015557,185.000000
94.535706,371.170013,170.097076,335.602997,0.034528,338.249268,170.138016,334.776764,0.034169,132.000000
121.934410,359.313202,80.399521,299.355469,0.018791,338.454956,80.565155,295.353943,0.019453,85.000000
47.265209,359.098236,55.149529,324.349670,0.027971,338.626160,55.254513,322.579346,0.030554,0.000000
94.783966,374.714752,230.708542,22.501831,0.015623,338.877960,230.714203,26.593781,0.016457,144.000000
65.886269,372.165833,156.741562,112.758942,0.015918,340.162140,156.702896,111.722504,0.016414,128.000000
151.367096,372.150665,165.593781,323.085144,0.017385,340.427124,165.240356,318.812836,0.017557,129.000000
67.653526,386.787537,352.074188,281.175323,0.016403,340.656372,351.981628,285.670532,0.017648,186.000000
148.526093,376.069611,238.013336,194.465622,0.020311,340.751160,237.861328,199.400146,0.019975,145.000000
87.937477,387.520905,277.417877,269.987305,0.014808,341.323822,277.344666,269.851746,0.013616,185.000000
71.407280,387.717468,345.006622,198.136292,0.013734,341.414337,344.953186,197.766556,0.015261,186.000000
46.711884,374.389374,146.058487,219.896576,0.017649,342.783478,146.013397,221.508316,0.018305,126.000000
47.042534,377.140930,182.209702,345.643402,0.016651,343.904449,182.070374,348.947693,0.017402,133.000000
57.523907,391.211914,352.052765,265.187225,0.014568,344.776550,351.996796,265.423859,0.015363,186.000000
70.413071,379.311340,205.474976,54.261017,0.021412,344.837616,205.401062,53.986786,0.022472,138.000000
93.327377,366.297546,27.574524,321.606323,0.015661,345.631165,27.810101,322.659851,0.016660,84.000000
28.407745,378.407990,170.133072,176.181946,0.013712,345.854675,170.165054,178.929504,0.013906,130.000000
64.342834,392.472809,318.239899,270.727509,0.014813,345.989868,318.097443,270.857880,0.015841,186.000000
176.502121,381.260803,227.088730,190.867676,0.015617,346.418549,226.793457,192.891541,0.015787,142.000000
117.622276,393.099670,273.966797,90.632538,0.051523,346.863159,273.909210,89.520325,0.053920,162.000000
157.289536,382.624237,209.854675,38.175507,0.017707,347.993591,209.666870,32.116577,0.018519,139.000000
70.816666,381.331207,182.464890,147.401962,0.015988,348.121429,182.488525,151.174911,0.016149,133.000000
82.346825,396.357269,277.165710,240.184402,0.067136,349.805908,277.105316,240.793304,0.069588,186.000000
139.688934,384.164459,214.041183,192.542267,0.020758,350.136383,213.722443,195.212952,0.020949,139.000000
56.991226,370.984711,61.438339,138.394760,0.013743,350.267639,61.261482,138.624786,0.013932,84.000000
49.223976,399.443695,311.683716,258.372314,0.013790,352.696350,311.630737,259.409058,0.014375,187.000000
204.592270,374.157074,83.680359,226.378036,0.025553,353.988525,83.968315,230.750031,0.028992,0.000000
87.172241,376.059113,74.864037,226.841309,0.016158,354.843414,74.971504,229.524490,0.016563,84.000000
67.963226,388.552338,176.894806,351.923462,0.018911,355.901520,176.815765,353.941101,0.020378,131.000000
93.664291,389.306000,182.163727,4.888336,0.019359,356.438599,182.034378,5.324127,0.019803,132.000000
298.934784,399.910614,274.122772,89.772552,0.053824,358.457489,273.915497,90.119598,0.044823,162.000000
88.011360,382.170868,85.676208,316.852783,0.026019,361.814697,85.540161,317.355774,0.027605,0.000000
83.330666,408.927185,286.852692,279.677582,0.030357,362.061096,286.747437,283.673187,0.029623,189.000000
139.151001,411.392792,263.739746,10.694122,0.022444,364.899078,263.665985,13.285889,0.026509,186.000000
125.845146,382.130707,86.437988,315.422791,0.020592,365.404755,86.519913,314.431854,0.020795,0.000000
224.122742,398.585358,190.295227,331.177795,0.020655,366.403229,189.967194,329.634613,0.019499,128.000000
86.151031,417.541595,303.269775,309.187195,0.030876,369.280060,303.485687,311.453186,0.031862,0.000000
177.093201,418.058777,354.318970,47.768707,0.015970,370.226807,354.468719,43.287811,0.017462,192.000000
38.897301,420.081696,278.523743,90.144684,0.033717,373.442566,278.460938,90.178955,0.033426,187.000000
155.280396,396.188721,50.705208,96.576965,0.015953,376.196442,50.814766,91.942200,0.018063,83.000000
103.508453,397.637299,145.818359,284.093384,0.026360,376.544739,145.828644,282.010040,0.027620,86.000000
106.362587,405.462128,163.141937,111.931595,0.023081,377.068573,163.324127,109.055313,0.022410,116.000000
195.271606,401.423370,134.705688,318.067413,0.024676,381.382751,135.182281,315.551453,0.024773,85.000000
150.608765,412.560059,165.924698,119.399200,0.029374,383.571960,165.886017,128.788147,0.028208,116.000000
60.835846,412.868225,159.100159,127.452225,0.043256,385.441620,159.089264,127.459015,0.043953,110.000000
138.318466,407.390594,98.617661,321.114014,0.023315,386.366821,98.826065,320.723602,0.023961,85.000000
146.577621,432.815247,278.073914,267.388611,0.018318,386.517944,278.027618,267.910889,0.017991,186.000000
62.833111,436.567261,308.341339,291.591736,0.015652,386.985107,308.291779,295.567078,0.015888,198.000000
73.171036,437.292755,316.653107,253.663147,0.014381,387.609009,316.560638,256.363739,0.015264,199.000000
94.752312,418.794250,168.668762,109.955368,0.033651,389.708740,168.569733,112.913910,0.032923,116.000000
60.108234,439.709930,318.913055,254.466751,0.013917,390.164917,318.824036,256.532318,0.014394,199.000000
63.827892,418.305969,160.925323,282.299011,0.041928,390.866241,160.908127,282.731262,0.042979,110.000000
101.749695,418.509399,156.584793,101.446411,0.027905,391.387482,156.644699,100.622223,0.028644,109.000000
221.740845,422.513458,234.807602,189.135513,0.028496,394.421936,234.695816,180.880051,0.037114,115.000000
172.702057,424.352661,170.031830,109.749786,0.028351,395.619537,170.090378,117.824692,0.026543,116.000000
307.645905,426.036713,237.985825,59.965790,0.015876,397.060822,237.704620,62.084869,0.015734,115.000000
319.010986,426.566772,232.331345,322.721619,0.021377,397.667755,232.264084,320.807953,0.021629,116.000000
280.816681,427.166656,226.897125,97.781281,0.023883,398.296722,226.805740,101.058838,0.024489,115.000000
298.031891,428.845612,210.537643,263.954529,0.016359,399.570923,210.408798,266.272156,0.017436,117.000000
248.213623,429.363617,204.876617,347.961823,0.016809,399.861237,204.593903,351.975830,0.018951,117.000000
118.684456,430.838745,172.583511,110.555939,0.031151,401.761017,172.634354,111.632706,0.028978,116.000000
116.430237,437.373016,175.030624,103.469818,0.031543,408.383179,175.012527,106.468628,0.029476,116.000000
234.373627,430.348511,128.323792,323.569946,0.026428,408.995972,128.188828,325.151520,0.027709,85.000000
100.876160,431.225403,124.533142,319.644531,0.028328,410.015991,124.487305,321.121063,0.029778,85.000000
124.975998,426.880005,145.541092,179.481842,0.036832,410.658173,145.546982,179.566116,0.038913,0.000000
127.542152,429.563751,143.698090,4.519379,0.015919,413.507721,143.510300,5.406555,0.016783,0.000000
324.485748,430.211609,149.582047,38.511810,0.023266,414.242676,149.905624,24.274231,0.026702,0.000000
272.169067,442.248566,137.305405,298.858734,0.022987,421.032745,137.365707,299.129395,0.023218,85.000000
